{
    "P": [
        532.5880169308188, 
        0.0, 
        319.7428869825369, 
        0.0, 
        0.0, 
        555.1429471010014, 
        285.432540085257, 
        0.0, 
        0.0, 
        0.0, 
        1.0, 
        0.0
    ], 
    "K": [
        532.5880169308188, 
        0.0, 
        319.7428869825369, 
        0.0, 
        555.1429471010014, 
        285.432540085257, 
        0.0, 
        0.0, 
        1.0
    ], 
    "R": [
        1.0, 
        0.0, 
        0.0, 
        0.0, 
        1.0, 
        0.0, 
        0.0, 
        0.0, 
        1.0
    ], 
    "D": [
        0.15089376054876552, 
        -0.5216264905741573, 
        -0.0019896108523497556, 
        -0.010525366880225834, 
        0.5828588359381942
    ]
}