{
    "P": [
        333.018936993435, 
        0.0, 
        303.1345266406762, 
        0.0, 
        0.0, 
        341.5548045160288, 
        252.42686066189248, 
        0.0, 
        0.0, 
        0.0, 
        1.0, 
        0.0
    ], 
    "K": [
        333.018936993435, 
        0.0, 
        303.1345266406762, 
        0.0, 
        341.5548045160288, 
        252.42686066189248, 
        0.0, 
        0.0, 
        1.0
    ], 
    "R": [
        1.0, 
        0.0, 
        0.0, 
        0.0, 
        1.0, 
        0.0, 
        0.0, 
        0.0, 
        1.0
    ], 
    "D": [
        -0.0435948826886746, 
        0.18036605295827354, 
        -0.014213126737597063, 
        0.006028196442821544, 
        -0.35337226779410086
    ]
}